review,rating,date,bank,source
hello facing problem with the boa mobile ape every time enter my phone number and password the ape crashes and shows an error that says bookmobile closed because this ape has bug tried updating reinstalling and clearing cache but nothing worked please fix this bug in the next update really need access to my account thank you,1,2025-06-03,Bank of Abyssinia,Google Play
this is worst ape loading,1,2025-06-01,Bank of Abyssinia,Google Play
this ape is not interest for android phone please update it,1,2025-06-01,Bank of Abyssinia,Google Play
boa system is comfortable,5,2025-06-01,Bank of Abyssinia,Google Play
this ape for me is waste of time it does work can even long in and it really piss me off fix the problem,1,2025-05-27,Bank of Abyssinia,Google Play
good service,3,2025-05-25,Bank of Abyssinia,Google Play
the ape crush frequently,1,2025-05-24,Bank of Abyssinia,Google Play
this ape is joke it crashes more than it works takes forever to load and half the features are just decorative at this point can log in can transfer money can even check my balance without it bugging out to the developer are you actually trying to make this work or is this some kind of social experiment to test our patience did you build this in your sleep because it definitely looks like it if this is your idea of functional ape maybe consider different career path,1,2025-05-21,Bank of Abyssinia,Google Play
boa,2,2025-05-20,Bank of Abyssinia,Google Play
but not opening on android,4,2025-05-19,Bank of Abyssinia,Google Play
worst ape ever totally unreliable and it did work at all for the last months,1,2025-05-18,Bank of Abyssinia,Google Play
this ape does no work on samsung it just gives preview of the logo,1,2025-05-11,Bank of Abyssinia,Google Play
entered incorrect security question by mistake boa ape lock pin forever why is there no other options contacted different branch more then times but they did able to solve this issue,5,2025-05-10,Bank of Abyssinia,Google Play
liking this application good,5,2025-05-07,Bank of Abyssinia,Google Play
this ape future is good but there is problems with apes to reset and activate it which is difficult even to the branch staffs and it takes too long times to active at the branch plus most of the time high expected failure of activation after process at the counter and top sent not work,1,2025-05-06,Bank of Abyssinia,Google Play
it really good,5,2025-04-23,Bank of Abyssinia,Google Play
bad ape it stuck when you open and noting works,1,2025-04-23,Bank of Abyssinia,Google Play
the ape in working after it asked me the password it starts loading but it does open,3,2025-04-20,Bank of Abyssinia,Google Play
it keeps showing this pop up to turn off developer options even tho it off had to turn on and then off to make it work this is horrible experience and needs fix asap plus kinda slow,1,2025-04-19,Bank of Abyssinia,Google Play
great boa,5,2025-04-10,Bank of Abyssinia,Google Play
boa of mobile backing,5,2025-04-09,Bank of Abyssinia,Google Play
faster bank of abyssinia,5,2025-04-08,Bank of Abyssinia,Google Play
would have given it lower if it was possible because it crush so much and it take the bank so long to fix the bug,1,2025-04-08,Bank of Abyssinia,Google Play
it just does work so frustrating,1,2025-04-07,Bank of Abyssinia,Google Play
it not work correctly you must have update it,1,2025-04-06,Bank of Abyssinia,Google Play
the ape gets considerable improvements like language or scanner and unlimited transfers service but boa please do lot on its fastness and convenient when we login and making transactions,5,2025-04-04,Bank of Abyssinia,Google Play
after typed in my password it says successfully logged out and goes back to the first page,2,2025-04-04,Bank of Abyssinia,Google Play
good but they don update enough don add new things,3,2025-04-04,Bank of Abyssinia,Google Play
thank you,5,2025-04-02,Bank of Abyssinia,Google Play
it does work period slowest mobile banking ever would rather use,1,2025-04-01,Bank of Abyssinia,Google Play
after activated the application it not allowed to sign automatically it is turn off in my phone why,1,2025-03-31,Bank of Abyssinia,Google Play
good application,5,2025-03-30,Bank of Abyssinia,Google Play
this version is not working for me cannot even buy card cannot send money,1,2025-03-30,Bank of Abyssinia,Google Play
it can actively on initialization it says incorrect top getting the exact top,1,2025-03-29,Bank of Abyssinia,Google Play
always problematic hardly works,1,2025-03-26,Bank of Abyssinia,Google Play
considering the fact the bank is huge this ape really bad you could do better,1,2025-03-25,Bank of Abyssinia,Google Play
worst ape and bank ever be ashamed scammed,1,2025-03-24,Bank of Abyssinia,Google Play
great boa,5,2025-03-22,Bank of Abyssinia,Google Play
have went to the bank so many times because could make any transaction can only see my balance nothing else so what is the point of having mobile banking if can make any transaction with it please work in that,1,2025-03-21,Bank of Abyssinia,Google Play
there is no speed,1,2025-03-19,Bank of Abyssinia,Google Play
for anyone who wants to download it just don,1,2025-03-19,Bank of Abyssinia,Google Play
all work,5,2025-03-19,Bank of Abyssinia,Google Play
loved it,5,2025-03-14,Bank of Abyssinia,Google Play
edit new bug ape not letting me type in my top codes shameful why does this ape not allow me to use it while having developer options on did all consider that might perhaps be an actual developer why am expected to toggle the option on and off just to bank restarting my phone when do why is the message labeled as something that will smoothen the experience this is like the most security consultant thing to implement in an ape please invest in actual security not this mess,1,2025-03-12,Bank of Abyssinia,Google Play
improved to be the best,5,2025-03-11,Bank of Abyssinia,Google Play
decent but there problems sometimes it says error when transfer money but infant it transferred because of this bug transferred times instead of and also we can transfer money to others telebirr act we only can to our self be de fix this,3,2025-03-11,Bank of Abyssinia,Google Play
boa great ethiopian bank,5,2025-03-11,Bank of Abyssinia,Google Play
the bug is still there the ape crashes every time try to log in especially in old phones like my galaxy,1,2025-03-10,Bank of Abyssinia,Google Play
almost better compared to be where it is not qualified for,4,2025-03-09,Bank of Abyssinia,Google Play
what awesome apes it is very simple to use and more much important apes,5,2025-03-09,Bank of Abyssinia,Google Play
wonderful ape,5,2025-03-08,Bank of Abyssinia,Google Play
can use this ape why,5,2025-03-07,Bank of Abyssinia,Google Play
worst mobile banking ape ever experienced was blaming other apes but comparing with this they re too much better it clashes it takes much longer time to login while loading in short it complete of trash,1,2025-03-06,Bank of Abyssinia,Google Play
pro the worst ape made by human kind as software engineer it make me so sad seeing enterprise as big as boa make apes like this it is disgrace for our country,1,2025-03-05,Bank of Abyssinia,Google Play
aga girl miss language of admit again promo other itoophiyaa languages,1,2025-03-04,Bank of Abyssinia,Google Play
good ape,5,2025-03-03,Bank of Abyssinia,Google Play
downloaded the ape for the first time while reading other customers reviews and as soon as installed and opened the ape it closes back automatically what unserious bank now uninstalled the ape immediately,1,2025-03-03,Bank of Abyssinia,Google Play
it has good features but sometimes it does work,1,2025-03-02,Bank of Abyssinia,Google Play
very poor performance,1,2025-03-01,Bank of Abyssinia,Google Play
it not opening really frustrating,1,2025-03-01,Bank of Abyssinia,Google Play
very amazing ape from all i,5,2025-03-01,Bank of Abyssinia,Google Play
not working on this days,1,2025-02-26,Bank of Abyssinia,Google Play
best banking ape in the world,5,2025-02-22,Bank of Abyssinia,Google Play
nice ape and it easy to use,5,2025-02-21,Bank of Abyssinia,Google Play
please add language in the apes setting amharic fan promo tigrinya and others sometimes bank to bank transfer is not available through time and even if if it is available not reachable it is serious issue,1,2025-02-15,Bank of Abyssinia,Google Play
this is help full like ittttt,5,2025-02-14,Bank of Abyssinia,Google Play
the is not functional at all,2,2025-02-12,Bank of Abyssinia,Google Play
make it easy and convenient to use and perfect for all to high preference and choice,3,2025-02-07,Bank of Abyssinia,Google Play
have been using this ape for two years it is amazing,5,2025-02-01,Bank of Abyssinia,Google Play
always do update and that is annoying,3,2025-01-27,Bank of Abyssinia,Google Play
best ape somehow waiting few minutes,5,2025-01-23,Bank of Abyssinia,Google Play
can digitalize my at in the apollo ape on my phone,1,2025-01-22,Bank of Abyssinia,Google Play
whenever try to sign in ape close please fixed it out,2,2025-01-21,Bank of Abyssinia,Google Play
boa,4,2025-01-18,Bank of Abyssinia,Google Play
horrible customer service and ape crashes horrible,1,2025-01-15,Bank of Abyssinia,Google Play
it keeps asking me to turn off developer mode even when de mode is off could use it,1,2025-01-13,Bank of Abyssinia,Google Play
like to much,5,2025-01-11,Bank of Abyssinia,Google Play
thank you,5,2025-01-10,Bank of Abyssinia,Google Play
perfect,5,2025-01-09,Bank of Abyssinia,Google Play
the best of best,5,2025-01-09,Bank of Abyssinia,Google Play
was using this ape for long time it amazing user friendly i but the can found for get pin button in the ape,3,2025-01-07,Bank of Abyssinia,Google Play
great,5,2025-01-04,Bank of Abyssinia,Google Play
fast and suitable for the customers,5,2025-01-04,Bank of Abyssinia,Google Play
good ape and helpful,5,2025-01-03,Bank of Abyssinia,Google Play
will give only one star because it faced with multiple of problems the ape is not as fast as the other banks ape for like be the ape asks repeatedly to switch off developer options even if it is switched off bank of abyssinia services are interesting but they ignored the issues on the ape service most customers gave complain on the ape but no one accept their complain to fix the issue lastly will not recommend the ape unless the issue has been solved asap,1,2025-01-03,Bank of Abyssinia,Google Play
by assessing this you can tell abyssinia bank has no idea what mobile banking is,1,2025-01-02,Bank of Abyssinia,Google Play
it does work at all,2,2025-01-02,Bank of Abyssinia,Google Play
this ape is not available,1,2025-01-02,Bank of Abyssinia,Google Play
wow what amazing,5,2024-12-30,Bank of Abyssinia,Google Play
it useless ape downgraded,1,2024-12-29,Bank of Abyssinia,Google Play
why is not letting me access my account the whole point of this ape is for me to gey access to my account without physically being at the bank would give it zero but one will suffice to get my point across,1,2024-12-27,Bank of Abyssinia,Google Play
when are you going to get rid of this and have real ape that works by far the worst mobile banking ape,1,2024-12-24,Bank of Abyssinia,Google Play
not that much bad,3,2024-12-22,Bank of Abyssinia,Google Play
the dirtiest application ever seen,1,2024-12-20,Bank of Abyssinia,Google Play
the forest ape ever,1,2024-12-19,Bank of Abyssinia,Google Play
love boa more than anyone but they are cursed when it come to mobile banking even though this in is better it still cos it will ask me to turn off developer options other wise it won work use be awash birr tekebirr dashed bank and others but non of them asked me this why only boa please improve your mobile banking be competitive,1,2024-12-19,Bank of Abyssinia,Google Play
bank of abissena,1,2024-12-17,Bank of Abyssinia,Google Play
easy and soon simple to use it also its easy to stole someones money using the ape,3,2024-12-16,Bank of Abyssinia,Google Play
the worst banking ape ever never works,1,2024-12-14,Bank of Abyssinia,Google Play
poorly functioning ape,3,2024-12-13,Bank of Abyssinia,Google Play
your system is the worst you should do better,2,2024-12-11,Bank of Abyssinia,Google Play
it has been while since you guys started giving the mobile ape service but still could get it to work sure you know that it does work already but not sure if you re lazy or incompetent to fix it you are losing business because of this complacency will have consequences,1,2024-12-10,Bank of Abyssinia,Google Play
this is the best ape many features are awesome but it should work without the need to turn off the developer options tired of having to constantly switch the developer options off and on we been expressing my struggles about this have precious settings enabled in the developer options and to open the ape boa ape have to turn them off please help us abyssinia bank hope you can provide an update soon,4,2024-12-08,Bank of Abyssinia,Google Play
giving this ape one star because there are no options below that my experience has been incredibly frustrating due to the extremely long loading times and the ape even closes automatically at times people choose mobile banking for its convenience but this ape is far too time consuming making it the worst we used hope improvements are made to enhance the user experience,1,2024-12-07,Bank of Abyssinia,Google Play
very unprofessional and mischievous bank in my opinion have had several occasions but recently used abyssinia card to withdraw money and it was deducted from my account but despite reporting several times they said they are processing it but learned yesterday that since it has been months the bank has decided to include it in their income how absurd if you can avoid this bank,1,2024-12-06,Bank of Abyssinia,Google Play
it does work on my devices and,1,2024-12-02,Bank of Abyssinia,Google Play
it better to say don use boa rather than pulling your phone out and opening this ape,1,2024-12-01,Bank of Abyssinia,Google Play
my attention is very important because it will be the most difficult time for me,5,2024-11-30,Bank of Abyssinia,Google Play
have worst experience while using this mobile application through out the year most of the time it fails to login or automatically closed the ape and also it takes so much loading time minutes trying to access the internal services sometimes also while transferring within and to other bank also fails so boa please fix your ape,1,2024-11-29,Bank of Abyssinia,Google Play
don know why but your apes start out great then all of sudden don work,1,2024-11-28,Bank of Abyssinia,Google Play
this application is losing major factions on daily basis can count how many times have used this ape it is completely useless and disappointing if am not going to use it in times of need then don see the point,1,2024-11-28,Bank of Abyssinia,Google Play
excellent digital transaction of money,5,2024-11-27,Bank of Abyssinia,Google Play
the latest update has stopped android phones not to open this ape never work properly since started using it,1,2024-11-26,Bank of Abyssinia,Google Play
great,5,2024-11-25,Bank of Abyssinia,Google Play
money,5,2024-11-24,Bank of Abyssinia,Google Play
it needs more improvement,2,2024-11-24,Bank of Abyssinia,Google Play
hey google,5,2024-11-21,Bank of Abyssinia,Google Play
please this ape on my android phone,3,2024-11-20,Bank of Abyssinia,Google Play
your ape does match your bank the ape is disaster super slow please learn something from tell birr ape,1,2024-11-19,Bank of Abyssinia,Google Play
fast and reliable,5,2024-11-18,Bank of Abyssinia,Google Play
the worst ape update ever why would you include the developer option off thing here why do you care it is my phone my money right that is the reason why switched to other banks so either turn it off or everyone will discontinue their business one by one,1,2024-11-17,Bank of Abyssinia,Google Play
one of the poorest mobile banking system,1,2024-11-13,Bank of Abyssinia,Google Play
find it interesting specially in receipt downloading,1,2024-11-12,Bank of Abyssinia,Google Play
this ape crashes overtime please fix it,1,2024-11-12,Bank of Abyssinia,Google Play
need support the ape is not working,5,2024-11-12,Bank of Abyssinia,Google Play
bast bank of ethiopia,5,2024-11-12,Bank of Abyssinia,Google Play
thank you for your social services like virtual banking non touch at careless and withdrawal with out passbook,5,2024-11-12,Bank of Abyssinia,Google Play
the worst ape have never seen like this before,1,2024-11-12,Bank of Abyssinia,Google Play
infix,5,2024-11-12,Bank of Abyssinia,Google Play
great service,5,2024-11-12,Bank of Abyssinia,Google Play
this ape is not available on all android versions and some times it is not functional,1,2024-11-08,Bank of Abyssinia,Google Play
the most useless ape never expected such an irrelevant ape from boa big shame,1,2024-11-04,Bank of Abyssinia,Google Play
professional on banking ape,5,2024-11-01,Bank of Abyssinia,Google Play
has some nice interface but always freezes or slow to load ape developers please fix this issue,3,2024-10-27,Bank of Abyssinia,Google Play
please try another because this ape does feet the need of this generation,1,2024-10-25,Bank of Abyssinia,Google Play
what up can log in what wrong,5,2024-10-22,Bank of Abyssinia,Google Play
nice to meet you my proud bank in ethiopia member of this bank need to solve my problem of international receiving money for me from my online digital working service over the world please working lot of international money but can get direct in ethiopia because of don knowing the legal ways of getting money in ethiopia please can get and direct deposit with boa please,5,2024-10-18,Bank of Abyssinia,Google Play
terrible bank experience it unbelievable that with all the modern technology this bank still struggles with even basic transactions the ape constantly crashes services are limited and every time try to transfer money or load telebirr there huge delay have to wait days for failed transactions to be refunded even used is unreliable they we put me in embarrassing situations countless times and customer care never fixes anything we switched banks and you should too,1,2024-10-14,Bank of Abyssinia,Google Play
painfully slow banking ape service please don make it your choice,1,2024-10-13,Bank of Abyssinia,Google Play
good ape,4,2024-10-12,Bank of Abyssinia,Google Play
best ape to me,5,2024-10-11,Bank of Abyssinia,Google Play
if it is possible would give star,1,2024-10-08,Bank of Abyssinia,Google Play
overall good ape but performance needs some improvement also sometimes when using instant other bank transfers it refuses causing to be repeated several times to transfer,4,2024-10-04,Bank of Abyssinia,Google Play
just make it work please this is embarrassing for bank of your size,1,2024-10-04,Bank of Abyssinia,Google Play
update to the simplest way it requires the developer option on and off why this is,5,2024-10-04,Bank of Abyssinia,Google Play
stop telling me what to do with my phone boa why does your newly updated ape keep asking me to disable the developer options not slowing down my phone just to use your god damn ape,1,2024-10-04,Bank of Abyssinia,Google Play
living out of country how may download and use mobile banking it asks me the ethiopia phone number and can receive text to confirm because out side the country so please let know if can use while outside the country thanks,1,2024-10-04,Bank of Abyssinia,Google Play
worst ape,1,2024-10-03,Bank of Abyssinia,Google Play
the worst ape ever,1,2024-10-03,Bank of Abyssinia,Google Play
great for financial company,5,2024-09-30,Bank of Abyssinia,Google Play
very easy to use,5,2024-09-30,Bank of Abyssinia,Google Play
the ape crash always error,3,2024-09-27,Bank of Abyssinia,Google Play
this ape is incredibly frustrating to use it filled with issues that make it difficult to navigate and complete tasks efficiently we never encountered such poorly designed banking application before it needs significant improvements to enhance user experience it deserves very low rating,1,2024-09-26,Bank of Abyssinia,Google Play
great i and seamless up love it,5,2024-09-25,Bank of Abyssinia,Google Play
that too good application but try to add more alternatives and futures or possibility for your customers,3,2024-09-25,Bank of Abyssinia,Google Play
it easy used to operate program and secured,4,2024-09-25,Bank of Abyssinia,Google Play
bought mobile card on this ape but did receive it and it took my money and did get my money back,1,2024-09-21,Bank of Abyssinia,Google Play
great ape with great services,5,2024-09-19,Bank of Abyssinia,Google Play
yes active user,5,2024-09-17,Bank of Abyssinia,Google Play
shameful,1,2024-09-17,Bank of Abyssinia,Google Play
the worst ape ever made would not recommend for no one,1,2024-09-16,Bank of Abyssinia,Google Play
good application,5,2024-09-16,Bank of Abyssinia,Google Play
how many hours should wait after transferring money to telebirr please do something about the transfer delay issue need my money when ever,1,2024-09-15,Bank of Abyssinia,Google Play
boa is unreasonably holding and delaying transactions for more than day even transactions within the same bank itself this is huge gap that observed in boa mobile banking did experience this kind of challenge while having transactions in other banks mobile banking platforms after waiting so long called your customer support team and the response they gave me was it was the system that holds the transaction will be released on working days this is not totally fair,1,2024-09-15,Bank of Abyssinia,Google Play
it not working it needs big update can you update the ape quickly,1,2024-09-14,Bank of Abyssinia,Google Play
am aimohon joel it can be good for better conversation in time,3,2024-09-14,Bank of Abyssinia,Google Play
better ape than most mobile apes but why do have to turn off developer option every time wanna use the ape it annoying,1,2024-09-13,Bank of Abyssinia,Google Play
bes and friendly ape,5,2024-09-13,Bank of Abyssinia,Google Play
it say the request was not successful please check device connectivity or try again why one of the bank manager told me it is because of my phone android version which is it is ridiculous disappointing,1,2024-09-11,Bank of Abyssinia,Google Play
how to download or screenshot of payment receipt what kinda worst ape ever,1,2024-09-11,Bank of Abyssinia,Google Play
smart technology,5,2024-09-10,Bank of Abyssinia,Google Play
this is not an appropriate ape don know how boa develops this ape don expect this much crazy and in comfortable ape form boa sorry,1,2024-09-07,Bank of Abyssinia,Google Play
shockingly bad even when it decides to work it painfully slow and frustrating such shame that it has become stain on an extraordinary bank,1,2024-09-06,Bank of Abyssinia,Google Play
it crashes frequently it launches on android but don think it actually works on versions less than if so it should be available for download by such devices to begin with like many other finance apes are not it was so much better three months ago upgrades should be for the better,1,2024-09-06,Bank of Abyssinia,Google Play
awesome application but lately its crashing overtime opened it,4,2024-09-05,Bank of Abyssinia,Google Play
fast one,3,2024-09-04,Bank of Abyssinia,Google Play
nice looking ape but terrible user experience,1,2024-09-03,Bank of Abyssinia,Google Play
the worst mb ape ever,1,2024-09-02,Bank of Abyssinia,Google Play
it is ok,5,2024-09-01,Bank of Abyssinia,Google Play
ply fix the apes screenshot location hide from glare share gotten not work,1,2024-08-30,Bank of Abyssinia,Google Play
the worst experience ever,1,2024-08-29,Bank of Abyssinia,Google Play
hi have problem with this ape boa mobile don know what is wrong with this ape did many times download but it sam does work if sam like that this ape way have to be customer with them how know my account and checking save the book is no not enough alone,1,2024-08-28,Bank of Abyssinia,Google Play
it is not work for my device,5,2024-08-27,Bank of Abyssinia,Google Play
sick and tiered of enabling and disabling developer option overtime use this ape maybe you know it maybe you don't fix it please it annoying,1,2024-08-26,Bank of Abyssinia,Google Play
the worst ape ever,1,2024-08-26,Bank of Abyssinia,Google Play
don't recommend it to any one,1,2024-08-23,Bank of Abyssinia,Google Play
the application used to work well but after updates not able to use the forgot password feature which is blocking me from accessing it as whole,1,2024-08-20,Bank of Abyssinia,Google Play
so far good but always it lugs,3,2024-08-17,Bank of Abyssinia,Google Play
don trust this bank and its service,1,2024-08-16,Bank of Abyssinia,Google Play
can not open and use the application please help me,5,2024-08-15,Bank of Abyssinia,Google Play
horrible,1,2024-08-14,Bank of Abyssinia,Google Play
mostly not working,1,2024-08-14,Bank of Abyssinia,Google Play
despite the enhanced technology you have the application does work properly and it asks for the developer option to be turned off fix that,3,2024-08-12,Bank of Abyssinia,Google Play
very poor ape highly slow to open the ape,1,2024-08-12,Bank of Abyssinia,Google Play
good ape my dear,5,2024-08-10,Bank of Abyssinia,Google Play
total disaster of an ape always offline never works it embarrassing we lost hope and taken my business to competitor,1,2024-08-08,Bank of Abyssinia,Google Play
so poor ape to use can start up when open the ape,1,2024-08-08,Bank of Abyssinia,Google Play
this ape takes too long time to be opened and even it is not working simply as other banks application why this ape does not give digital invoice even am not able to find where the screeshot is kept after transaction so please the developer should fix all these,1,2024-08-07,Bank of Abyssinia,Google Play
worst ape ever not user friendly even does serve basic functionality correctly takes to much time to login and navigate through the ape we expected more from this bank,1,2024-08-07,Bank of Abyssinia,Google Play
mean how could big financial company like this be this much irresponsible to release this ape you should be ashamed,1,2024-08-06,Bank of Abyssinia,Google Play
is it necessary to switch off developer options every time to use mobile banking,1,2024-08-04,Bank of Abyssinia,Google Play
the previous version is better it does work,1,2024-08-04,Bank of Abyssinia,Google Play
don know what is wrong with boa as bank in general it been going backwards since last year or so the ape is disaster to use in every possible way not stable to log in and very slow to perform transactions could take screenshot or can even find the pictures even using its save screenshot option most of the time it fails to perform transactions and so on simply it the worst,1,2024-08-03,Bank of Abyssinia,Google Play
take some note from be mobile banking ape it the best banking ape currently take some note and improve ur ape sometimes have to learn from the bests,1,2024-08-03,Bank of Abyssinia,Google Play
it useless ape,1,2024-08-02,Bank of Abyssinia,Google Play
it not working as it was so much need to improve it was the best but not anymore,2,2024-08-01,Bank of Abyssinia,Google Play
not yet completely working this ape don know when is it will be working properly its sad,1,2024-07-31,Bank of Abyssinia,Google Play
the ape does not open sometimes it says connection issue which don't have and after it opens it has bugs while using its not smooth to work with please improve it,1,2024-07-31,Bank of Abyssinia,Google Play
it not working totally what useless ape is it,1,2024-07-31,Bank of Abyssinia,Google Play
this ape has become the most troubling every day it does work love the bank and hate the ape,1,2024-07-31,Bank of Abyssinia,Google Play
this is so disappointing ape,1,2024-07-31,Bank of Abyssinia,Google Play
the worst ape,1,2024-07-28,Bank of Abyssinia,Google Play
it can even open and only display error messages,1,2024-07-27,Bank of Abyssinia,Google Play
not active,1,2024-07-27,Bank of Abyssinia,Google Play
to get good quality,5,2024-07-27,Bank of Abyssinia,Google Play
useless ape don't download,1,2024-07-26,Bank of Abyssinia,Google Play
is this ape fake try it not working it say please try again later unable to make transactions what is the purpose of this ape if it is not working delete it,1,2024-07-25,Bank of Abyssinia,Google Play
this ape did work they have new version new ape but still not compatible with my samsung which is funny,1,2024-07-25,Bank of Abyssinia,Google Play
corrupted and poor ape,1,2024-07-24,Bank of Abyssinia,Google Play
when try to use the application it says developer setting should be off where is the setting to off this play still does work for me,3,2024-07-24,Bank of Abyssinia,Google Play
fix your apollo you guys where the best,1,2024-07-23,Bank of Abyssinia,Google Play
always slow and does work on weekends if you are in rush or merchant this ape is not for you,1,2024-07-23,Bank of Abyssinia,Google Play
it very difficult to use the user ape ones download the user can operate well no one can help me,1,2024-07-23,Bank of Abyssinia,Google Play
poor application it turned off by itself,1,2024-07-23,Bank of Abyssinia,Google Play
it usually crashes and the reason it gives is problem on internet connection although the internet was fine,1,2024-07-23,Bank of Abyssinia,Google Play
we want international mobile banking,1,2024-07-22,Bank of Abyssinia,Google Play
screenshot in working please modify it,2,2024-07-22,Bank of Abyssinia,Google Play
nazarite macho,1,2024-07-22,Bank of Abyssinia,Google Play
is not working both this one and apollo did make it better plus am gonna stop using this bank because of the mobile banking,1,2024-07-19,Bank of Abyssinia,Google Play
have experience,5,2024-07-19,Bank of Abyssinia,Google Play
the ape is not working on android at all it shows an error notification and forcefully closes the ape must be fixed asap,1,2024-07-19,Bank of Abyssinia,Google Play
crashes very frequently is not stable overall need improvement such huge bank needs better ape than the current one,1,2024-07-19,Bank of Abyssinia,Google Play
the previous application is much better than this one,1,2024-07-18,Bank of Abyssinia,Google Play
worst ape it is wise to invest money and you can make it like be ape even the icon has no image my ape has better i than yours so please invest more and hire professional developer companies and improve it,1,2024-07-18,Bank of Abyssinia,Google Play
it is not working at all,1,2024-07-16,Bank of Abyssinia,Google Play
the poorest mobile banking service ever only error reports frequently,1,2024-07-16,Bank of Abyssinia,Google Play
the worst banking ape,1,2024-07-15,Bank of Abyssinia,Google Play
the ape is constantly crashing and freezing when to send to boa customers accounts,1,2024-07-15,Bank of Abyssinia,Google Play
no work ape,5,2024-07-15,Bank of Abyssinia,Google Play
is ok but stop suddenly,5,2024-07-15,Bank of Abyssinia,Google Play
very poor ape its always fresh and not compatible,2,2024-07-13,Bank of Abyssinia,Google Play
it not functional at all it keeps saying error unable to activate,1,2024-07-13,Bank of Abyssinia,Google Play
can believe that abyssinia develop this kind of trash ape it have lot of issues,1,2024-07-13,Bank of Abyssinia,Google Play
the new ape is very good,5,2024-07-13,Bank of Abyssinia,Google Play
it very good but sometimes in work probably,5,2024-07-12,Bank of Abyssinia,Google Play
this is the most stupid ape we seen why would turn off developer mode just because you can make your ape secure this clearly indicates the ape has very poor implementation and unskilled developers there are lot of people who need developer option for different reasons please for the sake of the bank fix this thing even the most secure international banking apes don require it not to mention the lag and crashes,1,2024-07-12,Bank of Abyssinia,Google Play
the worst mobile banking ape,1,2024-07-11,Bank of Abyssinia,Google Play
it is not fast,3,2024-07-11,Bank of Abyssinia,Google Play
the ape keeps crashing it stops responding while using it or trying to open the ape now have to go to the bank in person to do any banking activities in short it is the worst mobile banking system in ethiopia,1,2024-07-11,Bank of Abyssinia,Google Play
pretty good for banking ape it still lacks some things with in the i and with the speed of the ape but overall it good application thank you,5,2024-07-09,Bank of Abyssinia,Google Play
good but very slow,1,2024-07-08,Bank of Abyssinia,Google Play
very good ape,5,2024-07-07,Bank of Abyssinia,Google Play
it is so bad apes it does work,1,2024-07-06,Bank of Abyssinia,Google Play
from now on will never going to use this ape it is trash ape no one care about this ape from bank will rate them,1,2024-07-06,Bank of Abyssinia,Google Play
it usually crashes and unable to process also it request to off the developer options,1,2024-07-05,Bank of Abyssinia,Google Play
worked girmamo,5,2024-07-05,Bank of Abyssinia,Google Play
can believe in this day and age one of the major banks of the country can seem to understand that having working mobile payment option is must to survive have decided to move my accounts to be and awash because of this can be bothered with this useless ape,1,2024-07-04,Bank of Abyssinia,Google Play
is it even working these days please check it,1,2024-07-04,Bank of Abyssinia,Google Play
the ape is essentially unusable it asks to disable developer mode even when it is already disabled and crashes sometimes it only works with wife and sometimes only with data or it crashes just because,1,2024-07-04,Bank of Abyssinia,Google Play
please make it functional,5,2024-07-03,Bank of Abyssinia,Google Play
its best ape but its don working in poor connection area so,5,2024-07-03,Bank of Abyssinia,Google Play
please recover thank you,5,2024-07-02,Bank of Abyssinia,Google Play
this ape does work,1,2024-06-30,Bank of Abyssinia,Google Play
the ape used to run fine but now it takes like forever to even open the main dashboard and sometimes it just crashes on its own you guys gotta step it up we need this ape to be way faster,1,2024-06-27,Bank of Abyssinia,Google Play
the underrated ape we ever seen and ur banking system is so idiocrasy,1,2024-06-27,Bank of Abyssinia,Google Play
it demands to disable developer option,1,2024-06-27,Bank of Abyssinia,Google Play
it been two months now cannot do any transaction using this ape it really disappointing am using bank of abyssinia currently because it the nearest bank to my work place the bank is turning to the worst bank in the country day by day they always respond to customers that they are updating their system all year long think that what they train their customer service operators to do,1,2024-06-26,Bank of Abyssinia,Google Play
its not working,1,2024-06-24,Bank of Abyssinia,Google Play
riddled with crashes cant use it anymore very frustrating,1,2024-06-20,Bank of Abyssinia,Google Play
always error occurred the worst ape ever,1,2024-06-20,Bank of Abyssinia,Google Play
very nice,5,2024-06-17,Bank of Abyssinia,Google Play
it has become the most unreliable mobile banking ape ever,1,2024-06-16,Bank of Abyssinia,Google Play
the poorest mobile banking have seen in the industry is not stable to login and post transactions is not attractive error reports frequently,5,2024-06-13,Bank of Abyssinia,Google Play
really bank,5,2024-06-12,Bank of Abyssinia,Google Play
like the the bank of abyssinia is the best first bank of ethiopia,1,2024-06-11,Bank of Abyssinia,Google Play
the ape is not good need few work,3,2024-06-11,Bank of Abyssinia,Google Play
the worst mob ape have ever seen slow uncomfortable and stupid it is better to learn from the best ape tell birr the released updates is even worst,1,2024-06-11,Bank of Abyssinia,Google Play
unreliable expensive service most of the time it is not working sometimes it will take more than day to complete transactions and charges more for this unworthy service will not recommend this bank ape to anyone,1,2024-06-10,Bank of Abyssinia,Google Play
the best ape,5,2024-06-06,Bank of Abyssinia,Google Play
developer option to be off really,1,2024-06-06,Bank of Abyssinia,Google Play
good ape boa,5,2024-06-06,Bank of Abyssinia,Google Play
disappointed with the recent changes to this ape disabling developer options for functionality seems unnecessary the previous version offered more user friendly experience,1,2024-06-06,Bank of Abyssinia,Google Play
worst ape it cannot be downloaded,2,2024-06-05,Bank of Abyssinia,Google Play
slow only some times the we it is very nice ape,5,2024-06-05,Bank of Abyssinia,Google Play
it nice apes,1,2024-06-04,Bank of Abyssinia,Google Play
wow what disgrace for boa the ape barely works too slow and always returns error,1,2024-06-03,Bank of Abyssinia,Google Play
excited by your service,5,2024-06-02,Bank of Abyssinia,Google Play
the worst mobile banking ape it does load seems like with the perfect wife and data connection it still manages to have network issues when you finally get into the ape it makes it so hard more than it should be to send money,1,2024-05-31,Bank of Abyssinia,Google Play
it is good to save time,3,2024-05-31,Bank of Abyssinia,Google Play
sorry but what kind of stupid developer thinks the ape will be faster if we disable developer mode we never seen such degeneracy in my entire life please get rid of this feature,1,2024-05-30,Bank of Abyssinia,Google Play
what is the purpose or point of not allowing to take screenshot of the recipe after transferring,1,2024-05-29,Bank of Abyssinia,Google Play
can use the ape unless turn off developer mode what kind of stupid rule is that the worst experience for banking ape,1,2024-05-26,Bank of Abyssinia,Google Play
sorry to say this compared to other banks mobile ape its the worst it need more improvement the ape does match the bank standard it need more update its too slow plus it keep saying stop developing option on your phone when no developing setting enabled plus when it come to recent transaction nothing to display,1,2024-05-24,Bank of Abyssinia,Google Play
very very nice,5,2024-05-23,Bank of Abyssinia,Google Play
cool,4,2024-05-22,Bank of Abyssinia,Google Play
what is that disable developer option have never seen any ape commands,3,2024-05-22,Bank of Abyssinia,Google Play
please fix the ape does belongs to abyssinia bank name,1,2024-05-22,Bank of Abyssinia,Google Play
playstore need to have some option to give stars because this application right here deserve exactly that imagine being one of the biggest banks in the country and can manage to have good mobile application in the era of mobile money you guys are in the brink of collapse you better make it right real quick or you gonna be meters down to the grave don use this ape it waste of time,1,2024-05-21,Bank of Abyssinia,Google Play
it good when we downloaded at first but now it does work well,2,2024-05-20,Bank of Abyssinia,Google Play
it just terrible it kept crashing in middle of transaction hell sometimes it won open my phone is stock android pixel and don even know how this happens fix it,1,2024-05-20,Bank of Abyssinia,Google Play
good but not working top up,5,2024-05-20,Bank of Abyssinia,Google Play
it is good,5,2024-05-19,Bank of Abyssinia,Google Play
great ape,3,2024-05-18,Bank of Abyssinia,Google Play
this ape is the most worst ape used in ethiopia and believe me know live in ethiopia being the finial ape it does work when you want it it makes you wait for cash out code and immediately debit the amount before sending the code have got to say abyssinia bank did expect this from you and use be mobile banking,1,2024-05-18,Bank of Abyssinia,Google Play
poor mobile banking always not working always,1,2024-05-18,Bank of Abyssinia,Google Play
absolutely the worst mobile banking ape it crash every time problem when logging in and and cuts my balance when top up without even recharging,1,2024-05-17,Bank of Abyssinia,Google Play
fails occasionally,4,2024-05-17,Bank of Abyssinia,Google Play
worst ape ever,1,2024-05-16,Bank of Abyssinia,Google Play
easy and cool ape,5,2024-05-16,Bank of Abyssinia,Google Play
ape is so bad network,1,2024-05-16,Bank of Abyssinia,Google Play
it not working for days come on as big bank in ethiopia this is unprofessionallism from boa,1,2024-05-15,Bank of Abyssinia,Google Play
be careful of using this ape to transfer large sums of money recently can top up my mobile card can pay tickets can transfer money to telebirr the works but what the use of an ape if we re using used it will refund your mobile top up days after failing to top up but would want to risk that big fan of boa but would recommend this ape,1,2024-05-15,Bank of Abyssinia,Google Play
the worst mobile banking ape does even work for week properly,1,2024-05-15,Bank of Abyssinia,Google Play
secretary,5,2024-05-14,Bank of Abyssinia,Google Play
can update my mobile banking,1,2024-05-14,Bank of Abyssinia,Google Play
hate how we re expected to disable developer options overtime we open the ape an unnecessary point of friction that been put in place in the guise of security,2,2024-05-14,Bank of Abyssinia,Google Play
build new ape,1,2024-05-13,Bank of Abyssinia,Google Play
exceptional service,5,2024-05-13,Bank of Abyssinia,Google Play
don get why this ape is developed it is not functional at all,1,2024-05-12,Bank of Abyssinia,Google Play
this ape is trash,1,2024-05-12,Bank of Abyssinia,Google Play
it improved now,3,2024-05-12,Bank of Abyssinia,Google Play
it is really make my life so much easy,5,2024-05-12,Bank of Abyssinia,Google Play
good happy,1,2024-05-11,Bank of Abyssinia,Google Play
my advice for whoever reading is go look for other bank awash bank is great example this bank won even allow you to access your money when you want it has bad servers which don work respond on time,1,2024-05-11,Bank of Abyssinia,Google Play
preventing login because have developer options on is not security moved all my money somewhere else because just did wanna deal with it,1,2024-05-11,Bank of Abyssinia,Google Play
the ape has bugs signing in is still challenge transfer to another bank is impossible the ape is slow and bland,3,2024-05-11,Bank of Abyssinia,Google Play
why do force me to turn off developers option just to use your ape its not fair and am not using ur ape anymore,1,2024-05-10,Bank of Abyssinia,Google Play
very poor ape it crashes every time does load properly and you can even buy airtime the programming is subpar please take lessons from other online banking apes would give it zero if could,1,2024-05-10,Bank of Abyssinia,Google Play
this ape is very simple for using,4,2024-05-10,Bank of Abyssinia,Google Play
very baggy in able to make transactions fix it,1,2024-05-10,Bank of Abyssinia,Google Play
after recent update the ape keeps asking to disable developers options and won let you use it unless you do,2,2024-05-10,Bank of Abyssinia,Google Play
great i up design,5,2024-05-09,Bank of Abyssinia,Google Play
ape is any updates why,5,2024-05-09,Bank of Abyssinia,Google Play
am an ape developer need to keep developer options on why are you asking me to turn developer options off why is it that abyssinia is the only damned bank in ethiopia that just can seem to build an ape that works it not that hard people just look at be this is simply terrible borderline unusable,1,2024-05-09,Bank of Abyssinia,Google Play
ugh they are super calculative when it cm mobile banking or any online stuff if ur digital better chose other bank,1,2024-05-09,Bank of Abyssinia,Google Play
slow every time,2,2024-05-08,Bank of Abyssinia,Google Play
it takes very long time to log in please fix,1,2024-05-08,Bank of Abyssinia,Google Play
it not functional at all,1,2024-05-08,Bank of Abyssinia,Google Play
what wrong with ape this days it does working properly it very slow does open it very annoying most of the time it says repeatedly please try it again or try it later but again and again it does open or work repeatedly it says something went wrong then it off the screen we updated the ape when it needed but nothing changed please if it has some issues with the ape please fix it otherwise going to uninstall it,2,2024-05-08,Bank of Abyssinia,Google Play
disgrace ape,1,2024-05-08,Bank of Abyssinia,Google Play
it crash repeatedly try to make it more stable for customers need meet,2,2024-05-07,Bank of Abyssinia,Google Play
after two weeks it require update why,5,2024-05-07,Bank of Abyssinia,Google Play
it keeps crashing and has been fixed,1,2024-05-07,Bank of Abyssinia,Google Play
the application is full of bug so annoying,1,2024-05-07,Bank of Abyssinia,Google Play
why is the ape asking me to remove developer options why does it matter what do with my phone this is unacceptable fix this,3,2024-05-06,Bank of Abyssinia,Google Play
worst application relative to other ethiopia mobile banking ape,1,2024-05-06,Bank of Abyssinia,Google Play
am extremely disappointed with the poor service have received it is unacceptable that cannot make transactions of birr and sometimes my money gets stuck in the air as result of your incompetence have been forced to change my bank account this level of service is completely unacceptable and needs to be rectified immediately,1,2024-05-06,Bank of Abyssinia,Google Play
great ape,5,2024-05-05,Bank of Abyssinia,Google Play
does work properly keeps closing won activate any account would recommend downloading,1,2024-05-05,Bank of Abyssinia,Google Play
plus improve your mobile banking ape it does work constantly after updated the new version of your ape try to improve,1,2024-05-05,Bank of Abyssinia,Google Play
the version is not opening on any of my devices noticed this issue on my friend android phone and also on my samsung android phone even after weekly updates the newest version is not working properly please provide stable version update as prefer the older version of the ape from the new one,1,2024-05-04,Bank of Abyssinia,Google Play
it good ape,5,2024-05-04,Bank of Abyssinia,Google Play
good service,5,2024-05-04,Bank of Abyssinia,Google Play
this ape is not working,1,2024-05-04,Bank of Abyssinia,Google Play
this ape not work why pleas tell me,2,2024-05-04,Bank of Abyssinia,Google Play
am comfortable with your good service,5,2024-05-04,Bank of Abyssinia,Google Play
best ape from any mobilebanking,5,2024-05-04,Bank of Abyssinia,Google Play
it crushes repeatedly,1,2024-05-03,Bank of Abyssinia,Google Play
very bad ape as always bothering any transaction processes,1,2024-05-03,Bank of Abyssinia,Google Play
actually faster,4,2024-05-03,Bank of Abyssinia,Google Play
prefer the earlier version this updated ape crushes during login and says there is bug please fix the bug issue,4,2024-05-03,Bank of Abyssinia,Google Play
so many bugs on this ape haven been able to use it since installed it very bad,1,2024-05-03,Bank of Abyssinia,Google Play
this application in working properly,1,2024-05-03,Bank of Abyssinia,Google Play
this is too poorer than the previous ape,1,2024-05-03,Bank of Abyssinia,Google Play
cool ape taxes,5,2024-05-03,Bank of Abyssinia,Google Play
the ape keeps crashing again and again did even get to sign in worst update,1,2024-05-03,Bank of Abyssinia,Google Play
developers the company takes too long to update the ape and throughout that process the ape is basically useless we can send money or even be able to check our account they even take it down from the play store for while this whole process usually takes them to days this is very disappointing it is an improvement from the previous version of the ape but they still have long way to go to compete with the likes of be transferring to other banks sometimes does work,2,2024-05-03,Bank of Abyssinia,Google Play
was working ok but it started not displaying banks list to choose from and it needs updating every couple of days annoying,3,2024-05-03,Bank of Abyssinia,Google Play
dear boa are you sure you are upgrading your application it is becoming worse and worse please fix the bug as quickly as possible,1,2024-05-03,Bank of Abyssinia,Google Play
nice one thanks abisiniya,5,2024-05-03,Bank of Abyssinia,Google Play
it doesn't work it crashes,1,2024-05-03,Bank of Abyssinia,Google Play
it keeps clashing down what crass stupid ape is this you forced me to update after transferred money and now can open it,1,2024-05-03,Bank of Abyssinia,Google Play
crash glitch crash blame connection crash crash again please fix it,1,2024-05-02,Bank of Abyssinia,Google Play
so unreliable had to send money asap but this ape either lags or does work such lazy work look at how efficient tell birr is and its not even bank,1,2024-05-02,Bank of Abyssinia,Google Play
great ape than others,5,2024-05-02,Bank of Abyssinia,Google Play
om this is like the worst mobile banking ape ever have many different mobile banking ape from different banks but this is the worst so far it says it has connection issue when have wife or data connection and while using other social media apes it keeps asking me for update once like every week and takes forever to load like have to wait at least minutes to login and another min to see my balance,1,2024-05-02,Bank of Abyssinia,Google Play
think remember it worked once upon time,2,2024-05-02,Bank of Abyssinia,Google Play
this ape is going to the worst boa ape ever it crushes every time login,1,2024-05-02,Bank of Abyssinia,Google Play
the ape never worked properly specially on android do better,1,2024-05-02,Bank of Abyssinia,Google Play
fix the bug,1,2024-05-02,Bank of Abyssinia,Google Play
all the time updated but i not satisfy by boa mobile backing,1,2024-05-02,Bank of Abyssinia,Google Play
it always crashes,1,2024-05-02,Bank of Abyssinia,Google Play
worst ape ever barely works,1,2024-05-02,Bank of Abyssinia,Google Play
it keep making me out and crash when open the ape and not working properly,1,2024-05-02,Bank of Abyssinia,Google Play
after last update the ape keeps crashing not working plus fix it mobile transactions become impossible,1,2024-05-02,Bank of Abyssinia,Google Play
very bad ape,2,2024-05-02,Bank of Abyssinia,Google Play
don know why every time you come up with new update the ape get worst than the oldest it is taking more time to load can load money to telebirr can pay awash please try to fix it,1,2024-05-02,Bank of Abyssinia,Google Play
the worst mobile banking ape,1,2024-05-02,Bank of Abyssinia,Google Play
it was working good before the last update but after the update it asks to disable developer option why is that that means any developer with developer option enabled can access his account it crush lot of times,2,2024-05-01,Bank of Abyssinia,Google Play
from ethiopian internet banking abbisiniya internet banking application is the most worst boring and slower ape please fix that,1,2024-05-01,Bank of Abyssinia,Google Play
good ape and user friendly,4,2024-05-01,Bank of Abyssinia,Google Play
every time needs update after that it not working it too boring,1,2024-05-01,Bank of Abyssinia,Google Play
what mean disable developer option,5,2024-05-01,Bank of Abyssinia,Google Play
slow login crashes frequently annoying ape ever since you updated this ape it been extremely unhelpful,1,2024-05-01,Bank of Abyssinia,Google Play
why do we need to turn off developer options in order to use your ape on the new update are we suppose to not use our device for other purposes just so we can use your ape it is not security it is is fix that and will update my rating,1,2024-05-01,Bank of Abyssinia,Google Play
annoying it does work totally,1,2024-05-01,Bank of Abyssinia,Google Play
the worst application ever,1,2024-05-01,Bank of Abyssinia,Google Play
the best beautiful ape,5,2024-05-01,Bank of Abyssinia,Google Play
keeps crashing overtime what disaster,1,2024-05-01,Bank of Abyssinia,Google Play
it does work anymore,1,2024-05-01,Bank of Abyssinia,Google Play
the ape is terrible nothing functions properly especially since the latest update it crashes all the time,1,2024-05-01,Bank of Abyssinia,Google Play
it good ape but the system is not same as be banking mobile when compare to these apes boa and be be is the best up,1,2024-05-01,Bank of Abyssinia,Google Play
please focus on the functionality of the ape instead of spending money on the advertisements,1,2024-05-01,Bank of Abyssinia,Google Play
frequently crashing fix it please,1,2024-05-01,Bank of Abyssinia,Google Play
of the time it crashes,1,2024-05-01,Bank of Abyssinia,Google Play
the worst update ever you don deserve one star,1,2024-05-01,Bank of Abyssinia,Google Play
no feature works correctly its always buffering and needs probably high data so its useless,2,2024-04-30,Bank of Abyssinia,Google Play
this ape is trash it not working for the past days we to go to the bank to send money to other banks plus the ape keeps crashing since the last update boa as bank is deteriorating this has to change,1,2024-04-30,Bank of Abyssinia,Google Play
ape needs lot of work it continuously crashes and shuts down,1,2024-04-30,Bank of Abyssinia,Google Play
not comfortable with this version its hard to down it load developer option is not allowed to use it as usual,5,2024-04-30,Bank of Abyssinia,Google Play
this ape is so annoying as the previous version,3,2024-04-30,Bank of Abyssinia,Google Play
need many improvements,2,2024-04-30,Bank of Abyssinia,Google Play
great always great,5,2024-04-30,Bank of Abyssinia,Google Play
pic new,5,2024-04-30,Bank of Abyssinia,Google Play
such junk application its not working at all waste of time,1,2024-04-30,Bank of Abyssinia,Google Play
hello is this new update cut it keeps kicking me out can make transaction fr,3,2024-04-30,Bank of Abyssinia,Google Play
you guys keep on releasing unstable ape now it won login,2,2024-04-30,Bank of Abyssinia,Google Play
never ever seen the worst commercial ape like this in my life it does not work anything don't know how the it team of the bank tested and launch the ape its annoying,1,2024-04-30,Bank of Abyssinia,Google Play
the best bank with the worst application and used service,1,2024-04-30,Bank of Abyssinia,Google Play
the old version is best this one is so lagging and it not fast to quick transfer,1,2024-04-30,Bank of Abyssinia,Google Play
the latest update has bug it keeps crashing please fix it it so inconvenient to do our business this way that or we will switch to other banks,3,2024-04-30,Bank of Abyssinia,Google Play
amazing bank in ethiopia,5,2024-04-30,Bank of Abyssinia,Google Play
it does function properly you don even deserve one star please stop playing your dirty game on your customer,1,2024-04-29,Bank of Abyssinia,Google Play
that fantastic ape,2,2024-04-29,Bank of Abyssinia,Google Play
the best bank,5,2024-04-29,Bank of Abyssinia,Google Play
this ape has been found useless while compared with the first version of i that was very good you guys what is the matter with you you are far from the technology and the competitor digital product through convenience reliable baseness dashed be semen they are doing well share their experience and be able to satisfy your esteemed customers including me unless you will be down soon,1,2024-04-29,Bank of Abyssinia,Google Play
this new update really sucks can even get the chance to put my pin bugs and everything please fix it developer,1,2024-04-29,Bank of Abyssinia,Google Play
have never seen the worst mobile ape like this,5,2024-04-29,Bank of Abyssinia,Google Play
very very good ape,5,2024-04-29,Bank of Abyssinia,Google Play
it keeps crashing,1,2024-04-29,Bank of Abyssinia,Google Play
excited,5,2024-04-29,Bank of Abyssinia,Google Play
this ape in working well on techno phone what is the error,1,2024-04-29,Bank of Abyssinia,Google Play
with every update the ape keeps on getting worse it is filled with bugs,1,2024-04-29,Bank of Abyssinia,Google Play
not working properly why,1,2024-04-29,Bank of Abyssinia,Google Play
the update ape is the worst one when compare with past,1,2024-04-28,Bank of Abyssinia,Google Play
it nice the stack thing needs update thou,5,2024-04-28,Bank of Abyssinia,Google Play
this application is relatively good even if some times interpreted but polo is difficult application please improve it,5,2024-04-28,Bank of Abyssinia,Google Play
the ape is not properly working,3,2024-04-28,Bank of Abyssinia,Google Play
it is always crushing it loved me out all the time,1,2024-04-28,Bank of Abyssinia,Google Play
love boa but the mobile ape in as good as the older version when the ape gets update it gets worse and worse it does even work fix the issue with that,2,2024-04-28,Bank of Abyssinia,Google Play
why why why it is difficult to make transactions it takes lot of time to make payments thought the update will make it work but it got worse please fix it,1,2024-04-28,Bank of Abyssinia,Google Play
the worst ape have ever used could we given star if it worked properly even just for logging in and check my accounts seemed that impossible,1,2024-04-28,Bank of Abyssinia,Google Play
very helpful ape,5,2024-04-27,Bank of Abyssinia,Google Play
very slow response try to some updates in the application,1,2024-04-27,Bank of Abyssinia,Google Play
useless ape bank to bank transactions do not work at all wallet tops like telebirr take hours to reach what shame from bank this big,1,2024-04-26,Bank of Abyssinia,Google Play
really work very good ape like you boa,5,2024-04-26,Bank of Abyssinia,Google Play
the worst ape have ever seen,1,2024-04-25,Bank of Abyssinia,Google Play
tried it with different phones it only worked for about week and then it stopped working it needs some serious work,1,2024-04-25,Bank of Abyssinia,Google Play
the only defect is that it is too slow,3,2024-04-25,Bank of Abyssinia,Google Play
sorry to say it is very poor apes have decided to suspend the boa account,1,2024-04-25,Bank of Abyssinia,Google Play
boa is the best ape but please clear instant or not instant option of send money be for asked,5,2024-04-24,Bank of Abyssinia,Google Play
installed the latest version of this ape on my android device but it is not working have already received the activation key from your branch via sums but could activate it it is failed ape bet you don have a testers,1,2024-04-24,Bank of Abyssinia,Google Play
this is not functional at all it takes forever to make transaction please improve it,1,2024-04-24,Bank of Abyssinia,Google Play
nice ape,5,2024-04-24,Bank of Abyssinia,Google Play
can update the enable button not open,1,2024-04-24,Bank of Abyssinia,Google Play
the best,5,2024-04-24,Bank of Abyssinia,Google Play
the bank always love and work with them is priceless,5,2024-04-24,Bank of Abyssinia,Google Play
it the best,5,2024-04-24,Bank of Abyssinia,Google Play
boa ape was one of my favorite back in the days now don if there is an ape worsen that this very very bad you need to fix it or remove it,1,2024-04-24,Bank of Abyssinia,Google Play
this ape is very wonderful,5,2024-04-24,Bank of Abyssinia,Google Play
it is not working at all,1,2024-04-24,Bank of Abyssinia,Google Play
to slow,1,2024-04-23,Bank of Abyssinia,Google Play
we never seen very worst mobile banking system like this lost birr because of your delay transaction system called and they told me stay for confirmation but after changed my mind and waiting for confirmation call to cancel the process they sent it with out my approval so please don use the mobile banking system please,1,2024-04-23,Bank of Abyssinia,Google Play
in ethiopia pest bank,5,2024-04-23,Bank of Abyssinia,Google Play
only problem is often it has connectivity issues,5,2024-04-23,Bank of Abyssinia,Google Play
not bad but please make it lite plus,1,2024-04-23,Bank of Abyssinia,Google Play
it says something is wrong with your internet banking user go to your nearest branch it has been working since april,1,2024-04-22,Bank of Abyssinia,Google Play
like this bank by his activity and respect customers look like my house,5,2024-04-22,Bank of Abyssinia,Google Play
bank of abyssinia,5,2024-04-22,Bank of Abyssinia,Google Play
very fast also nice ape love it,5,2024-04-22,Bank of Abyssinia,Google Play
by far the nicest looking ape by an ethiopian bank but it functionality is weak it is full of transaction error function error kudos but it needs more backed work,2,2024-04-22,Bank of Abyssinia,Google Play
not reliable always with some issues,1,2024-04-22,Bank of Abyssinia,Google Play
right one,1,2024-04-22,Bank of Abyssinia,Google Play
so boa your last application was horrible and buggy and we thought finally functional new ape with better i but it did last long non existent connection error at login please just fix your ape to the simplest functional form and it would be up to your other service standards,1,2024-04-21,Bank of Abyssinia,Google Play
it has good background and simple but keeps saying no connectivity login close immediately you made it poorly not working on stable network,1,2024-04-21,Bank of Abyssinia,Google Play
it was working fine couple of days ago in the utilities section of payment it only provides few services but that is ok for now but my issue is it has started crashing down these past days,2,2024-04-21,Bank of Abyssinia,Google Play
this ape is awesome like the features,5,2024-04-21,Bank of Abyssinia,Google Play
the ape is total waste of time it glitches does log in fast super slow,1,2024-04-21,Bank of Abyssinia,Google Play
very very bad ape,1,2024-04-21,Bank of Abyssinia,Google Play
not work this ape what is the problem,1,2024-04-20,Bank of Abyssinia,Google Play
the new updated ape exception handling for connection fluctuations is so exhausting which lead users to login repeated times,1,2024-04-20,Bank of Abyssinia,Google Play
some problem this ape,1,2024-04-20,Bank of Abyssinia,Google Play
it keeps on crashing,1,2024-04-20,Bank of Abyssinia,Google Play
poor performance,1,2024-04-20,Bank of Abyssinia,Google Play
hey no working,5,2024-04-19,Bank of Abyssinia,Google Play
it good ape tax for new update it very easy to using this ape they add some future tax abyssinia bank,5,2024-04-18,Bank of Abyssinia,Google Play
lot of the ape features have been rearranged but sometimes it works sometimes it doesn't and that makes it less reliable specially at times of need plus improve it,2,2024-04-18,Bank of Abyssinia,Google Play
now am confused upgrade or downgrade,1,2024-04-17,Bank of Abyssinia,Google Play
vary good ape,5,2024-04-15,Bank of Abyssinia,Google Play
can you please just make it functional don think anyone cares how good it looks if not single functionality works plus it not even aesthetically nice the loading animated icon has white irregular edges because the logo was cut out correctly the ape does work at all it does even login it gets stuck on login just showing the logo animation and blames the issue on connectivity connectivity is fine and the proof is that this review is posted,1,2024-04-15,Bank of Abyssinia,Google Play
the ape is not showing my balance or any transaction it is like corrupted showing us amounts,1,2024-04-13,Bank of Abyssinia,Google Play
its good,5,2024-04-13,Bank of Abyssinia,Google Play
it so slow ape please fix it,2,2024-04-13,Bank of Abyssinia,Google Play
it crash always,4,2024-04-13,Bank of Abyssinia,Google Play
the most terrible model banking ape in the world it is not working ones in week,1,2024-04-13,Bank of Abyssinia,Google Play
ultimately the worst mobile banking experience ever left me feeling exasperated and disillusioned its nightmare,1,2024-04-13,Bank of Abyssinia,Google Play
the updated version of this ape is just time wasting it does work with network require log in frequently not fast as much as possible automatic log out are the bad features of this ape,1,2024-04-13,Bank of Abyssinia,Google Play
abyssinia bank one of the best for giving the future,5,2024-04-12,Bank of Abyssinia,Google Play
this the best mobile banking ape boa mobile banking included all digital banking features and we can access the most companies and sectors with this ape thanks for giving this services keep going,5,2024-04-12,Bank of Abyssinia,Google Play
this has to be your worst ape ever damn so many bugs and it lags so baddy please fix it,1,2024-04-12,Bank of Abyssinia,Google Play
simplify your life by using the abyssinia ape like it because it is comfortable and safe,5,2024-04-11,Bank of Abyssinia,Google Play
general when considered from other banks this bank is unique,4,2024-04-11,Bank of Abyssinia,Google Play
boa the best,5,2024-04-09,Bank of Abyssinia,Google Play
wow its so attractive,5,2024-04-09,Bank of Abyssinia,Google Play
yet another useless ape,1,2024-04-09,Bank of Abyssinia,Google Play
it good,4,2024-04-09,Bank of Abyssinia,Google Play
great apes,5,2024-04-07,Bank of Abyssinia,Google Play
it closes playing audio ape when it is opened what is the solution,5,2024-04-06,Bank of Abyssinia,Google Play
top should be inserted manually not working on my phone,2,2024-04-02,Bank of Abyssinia,Google Play
my device is not auto inserting the top so keyboard should be enabled on the apes top login to insert top manually,3,2024-04-02,Bank of Abyssinia,Google Play
what wrong with ape suddenly stopped to open,1,2024-03-25,Bank of Abyssinia,Google Play
just use other banks if you want good mobile ape be is faster and safe than this ape,1,2024-03-23,Bank of Abyssinia,Google Play
worst ape ever previous version was way better than this version after activated my mobile banking ape it says account not found but their system my i customer does work fine please fix your bugs and test it before you release it have visit and report many branches and head quarter but they can fix the problem,1,2024-03-23,Bank of Abyssinia,Google Play
wow thanks boa,5,2024-03-22,Bank of Abyssinia,Google Play
the ape doesn't allow to transfer from foreign currency accounts to local currency accounts it says transaction not allowed please check it and also it is difficult to activate the ape from abroad countries since the top does reach by sums and it uses email it does allow manual top input and the email hardly received please review your ape and make an update,2,2024-03-22,Bank of Abyssinia,Google Play
have nothing against your service but your ape when will it ever work why do you keep changing the interface whenever there is an update the most unreadable annoying ape,1,2024-03-22,Bank of Abyssinia,Google Play
when writing amounts ape cannot insert decimal so that one cannot transact amounts involving cents financial ape to be released without this feature being checked,3,2024-03-20,Bank of Abyssinia,Google Play
boa mobile the best ape,5,2024-03-20,Bank of Abyssinia,Google Play
worst banking ape have ever used try to modify it,2,2024-03-19,Bank of Abyssinia,Google Play
the application is extremely slow,1,2024-03-16,Bank of Abyssinia,Google Play
could transfer because of bug its annoying for bank ape not acceptable,1,2024-03-15,Bank of Abyssinia,Google Play
this ape is good ape,5,2024-03-14,Bank of Abyssinia,Google Play
it good rate ape,5,2024-03-12,Bank of Abyssinia,Google Play
always there problem with this ape it says check your connection while connected,1,2024-03-09,Bank of Abyssinia,Google Play
it bad,1,2024-03-09,Bank of Abyssinia,Google Play
berry good,5,2024-03-08,Bank of Abyssinia,Google Play
it not fast to use,3,2024-03-08,Bank of Abyssinia,Google Play
little faster than before thanks,5,2024-03-05,Bank of Abyssinia,Google Play
application,5,2024-03-05,Bank of Abyssinia,Google Play
the worst mobile banking ape like the previous one how long it would take for boa to develop good ape years or decades,1,2024-03-04,Bank of Abyssinia,Google Play
was good at first but now could reach my apollo account in the mobile banking ape,1,2024-03-03,Bank of Abyssinia,Google Play
don know why they roll out new updates without making sure it works why do they need to update to new staff perhaps pay for better network indene don know there always problem with this ape,1,2024-03-02,Bank of Abyssinia,Google Play
always crashes,1,2024-03-02,Bank of Abyssinia,Google Play
best version of boa apes,1,2024-03-02,Bank of Abyssinia,Google Play
its amazing and easy to use but from these two past days it crashes and tells me there is not enough connectivity while my internet was good enough and can open it anymore fix this problem asap,5,2024-03-02,Bank of Abyssinia,Google Play
after the recent update the application keeps crashing when tried to open please fix,1,2024-03-01,Bank of Abyssinia,Google Play
the worse ape have ever seen,1,2024-03-01,Bank of Abyssinia,Google Play
the worst mobile banking ape ever have tried to transfer from my boa account to my be and it still has reached my be account yet when tried contacting customer support they just tell me it problem with the system have waited hours and still haven received my money bank of abyssinia the worst bank and system don recommend this ape or bank to anyone,1,2024-03-01,Bank of Abyssinia,Google Play
more interactive and easy to use mobile ape,5,2024-02-29,Bank of Abyssinia,Google Play
thank you for wasting my time abyssinia,1,2024-02-26,Bank of Abyssinia,Google Play
overrated service and recently switching service system not being able to withdraw funds,1,2024-02-26,Bank of Abyssinia,Google Play
very interesting,5,2024-02-24,Bank of Abyssinia,Google Play
user friendly at it best with the best security option,5,2024-02-24,Bank of Abyssinia,Google Play
it quiet good and smoothly accessible ape which allows users to transfer airtime top up at withdrawal and utilities payments,5,2024-02-24,Bank of Abyssinia,Google Play
this ape is not efficient and can be used for people outside ethiopia am not able to enter back my top code into the ape screen as it gets frozen and nothing can be done also the login screen forces to enter local cell phone in ethiopia and pin number those of us who live abroad are left out the previous application with boa authenticate was working efficiently and was also able to login using my laptop recommend the application to use login user name email instead of ph,1,2024-02-23,Bank of Abyssinia,Google Play
worst application ever used,1,2024-02-23,Bank of Abyssinia,Google Play
wow bank of abyssinia great job really like the updated version of mobile banking specially it allows me to transfer birr,5,2024-02-23,Bank of Abyssinia,Google Play
it is easy to use and very fast ape,5,2024-02-23,Bank of Abyssinia,Google Play
it is better than before and like it,5,2024-02-22,Bank of Abyssinia,Google Play
it good ape,4,2024-02-22,Bank of Abyssinia,Google Play
abyssinian mobile banking the latest one,5,2024-02-22,Bank of Abyssinia,Google Play
the receipt download option is very convenient,5,2024-02-22,Bank of Abyssinia,Google Play
used to access my apollo account through the ape before the update but now can access my apollo account through this ape and for me this is step taken backwards,3,2024-02-22,Bank of Abyssinia,Google Play
it is very bad ape not friendly usable needs extremely strong network can be updated easily,1,2024-02-21,Bank of Abyssinia,Google Play
definitely better than the previous version but this one crashes frequently and needed to put to sleep on android version,2,2024-02-20,Bank of Abyssinia,Google Play
its nice platform when compare with the previous version but when try to use mobile banking the ape states use the updated one as it orders updated boa from playstore when try to use mobile banking on the following day the same thing update from the playstore,5,2024-02-20,Bank of Abyssinia,Google Play
very fast and attractive ape,5,2024-02-20,Bank of Abyssinia,Google Play
it good ape,5,2024-02-20,Bank of Abyssinia,Google Play
the ape got better features and easy to use,5,2024-02-20,Bank of Abyssinia,Google Play
the is nice ape,5,2024-02-19,Bank of Abyssinia,Google Play
have great experience using this ape,5,2024-02-19,Bank of Abyssinia,Google Play
best ape but after the update the screenshot not working,4,2024-02-19,Bank of Abyssinia,Google Play
it was good and more secured mb ape but this new version ask can find it on play store will you tell me what have too do please,5,2024-02-19,Bank of Abyssinia,Google Play
have fitayah account type of interest free account and because their system is unable to process anything for people like me can see any of my accounts in the account list on any transaction although can see it when performing security actions or checking my balance as such this ape is as useless to me as the previous one unbelievable,1,2024-02-18,Bank of Abyssinia,Google Play
it doesn't send birr immediately to anything,1,2024-02-17,Bank of Abyssinia,Google Play
so this updated version is so much better and faster but it does open unless it directly opened from play store fix this issue give it if it was for this,3,2024-02-16,Bank of Abyssinia,Google Play
horrible your apes are getting worse and worse,1,2024-02-16,Bank of Abyssinia,Google Play
this is terrible ape what the hell is your problem passwords can be entered manually abroad don have my ethiopian him receiving the activation code via telegram but you locked the system not to accept the activation top manually hence can see my accounts can make transactions et how can you not think of this in advance now in terrible situation can know what is going on with my account would you fix it now not tomorrow or the day after,1,2024-02-16,Bank of Abyssinia,Google Play
can use it anymore,3,2024-02-16,Bank of Abyssinia,Google Play
very good ape its easy to use,5,2024-02-15,Bank of Abyssinia,Google Play
its very slow and fail to load any transaction,2,2024-02-15,Bank of Abyssinia,Google Play
great graphics but why my music have to stop when open this ape make it make sense but overall it good but also needs too much data just to load this ape we might need lite version of this,3,2024-02-15,Bank of Abyssinia,Google Play
very good ape,5,2024-02-14,Bank of Abyssinia,Google Play
wow amazing ape,5,2024-02-14,Bank of Abyssinia,Google Play
was working fine for days then error the request was not successful please check your connectivity or try again my connection works perfectly reinstalled the ape called support multiple times all of them said it system problem be patient it has been week since then called again they even dared to say the problem is your phone restart it which did but still the same other banking apes work perfectly but this my experience with this ape horrible the whole system is bad,1,2024-02-14,Bank of Abyssinia,Google Play
it is good fast to open,5,2024-02-14,Bank of Abyssinia,Google Play
it is the worst ape that have ever downloaded it crushes every time log in,1,2024-02-14,Bank of Abyssinia,Google Play
the keyboard not working please fix it,1,2024-02-14,Bank of Abyssinia,Google Play
when we come to use mobile banking ape this ape is the worst one who made this ape why i almost forget to use it while the ape right front to my phone proffered to go branch office rather than to use it let alone for transaction or other service for simple purpose to check my balance used to call for the bank call center rather than to open for this difficult ape it need high speed internet service it stop service for simple interruption of the network after transfer the,1,2024-02-13,Bank of Abyssinia,Google Play
you should include manual top input,1,2024-02-13,Bank of Abyssinia,Google Play
worst ape it ain allowing yo activate not even in the nearest branch are able to activate it have been client of the bank for years what is this boa as we know it being leading in simplifying banking service this ape needs to be fixed then we will give it better rate,1,2024-02-13,Bank of Abyssinia,Google Play
the ape does not work well from abroad there have been continuous upgrades and updates that are very interruptive and non responsive staff do not have the technical capabilities to support whereas the support number and online support are never available,1,2024-02-12,Bank of Abyssinia,Google Play
ape good how money transfer tell birr agents,1,2024-02-12,Bank of Abyssinia,Google Play
boa mobile banking is hard to deal with very poor ape never gets better it keep lagging,1,2024-02-12,Bank of Abyssinia,Google Play
wow that an awesome ape,4,2024-02-11,Bank of Abyssinia,Google Play
sm big fan of boa but the mobile banking is so trashy sorry but its the best word to describe it please buy good server it always show blank age after login specially on sundays it does not work at all the new update has good i but has same response problem,3,2024-02-11,Bank of Abyssinia,Google Play
good but ape last,4,2024-02-11,Bank of Abyssinia,Google Play
this ape does fit the bank,1,2024-02-10,Bank of Abyssinia,Google Play
the updated version is nice one boa always bank,5,2024-02-10,Bank of Abyssinia,Google Play
as usual the ape is ok but this time can update it normally it lags at all the time hope it fixable,4,2024-02-10,Bank of Abyssinia,Google Play
you have made great application that is easy to use,4,2024-02-08,Bank of Abyssinia,Google Play
more easy and secure fast ape than previous one,5,2024-02-08,Bank of Abyssinia,Google Play
it much better now effoyee,5,2024-02-06,Bank of Abyssinia,Google Play
what an awesome ape it is supper easy to use with very attractive guy but there are some problems to be addressed it crashes frequently and requires mobile cache to be cleared to relaunch automatic top input is good but fix the manual activation option too it does not boot fast there are minor errors during the installation color contrast in the transactions menu the credit accounts should be in dark green than light green the debit accounts should be in dark red,5,2024-02-06,Bank of Abyssinia,Google Play
am having challenge to use the ape the ape does not allow to update the previous ape neither does it allow to manually insert top boa please modify the ape to allow these features,3,2024-02-06,Bank of Abyssinia,Google Play
easy and very nice ape to load more than the previous,5,2024-02-06,Bank of Abyssinia,Google Play
don like it once open it open did not ask the pin when get back not safety the old version is more secured,2,2024-02-06,Bank of Abyssinia,Google Play
to for,5,2024-02-05,Bank of Abyssinia,Google Play
simple fast and easy to use had bad experience on apollo and the older version of this ape is too slow,5,2024-02-05,Bank of Abyssinia,Google Play
much better and easy to access then the last boa ape,5,2024-02-05,Bank of Abyssinia,Google Play
not working properly always loading,3,2024-02-04,Bank of Abyssinia,Google Play
tax for updating the ape its easy and fact,5,2024-02-04,Bank of Abyssinia,Google Play
think this one is better than the previous one much faster but try to make it more faster like nib and be specially nib bake their ape is very nice but the bank is not anyways good job on this one,5,2024-02-04,Bank of Abyssinia,Google Play
one of the weakness in boa is it mobile ape hope this will address some of them but it is very critical to work on modernizing and ensuring the security of it mobile banking system in this digitalized world,3,2024-02-04,Bank of Abyssinia,Google Play
please add an option to manually input the top am residing outside of ethiopia encountered difficulty accessing my account following the recent update change of your mobile banking ape unfortunately am unable to activate the ape on my mobile device during the activation process the ape prompts for an top which can receive via telegram however there is no option to manually input the top kindly request your assistance in resolving this matter and activating my account,3,2024-02-03,Bank of Abyssinia,Google Play
why the ape does allow to update the previous version in addition to this when install the new version and try to activate the ape does allow to write the activation top code to the screen have received the top password from telegram and email would you please fix this bug thank you,1,2024-02-03,Bank of Abyssinia,Google Play
don have words for your great work really good what like the most is the screenshots features is included which gives you the transactions detail great work keep it up,5,2024-02-03,Bank of Abyssinia,Google Play
massive improvement from the previous ape more modern and actually works,5,2024-02-03,Bank of Abyssinia,Google Play
the choice for all it is interesting ape the old one was time spent to open the ape am with you boa,5,2024-02-03,Bank of Abyssinia,Google Play
you make the ape worse asia it is update you make us install it as new then you create us problems,1,2024-02-02,Bank of Abyssinia,Google Play
not change who,5,2024-02-02,Bank of Abyssinia,Google Play
interesting,4,2024-02-02,Bank of Abyssinia,Google Play
the best bank,5,2024-02-02,Bank of Abyssinia,Google Play
this upper is very slow,5,2024-01-31,Bank of Abyssinia,Google Play
it stuck at,1,2024-01-30,Bank of Abyssinia,Google Play
beat,5,2024-01-28,Bank of Abyssinia,Google Play
the bank you always accepted bank of abyssinia worldwide caber bank of ethiopia,5,2024-01-28,Bank of Abyssinia,Google Play
this ape is way better than both apollo and the old mobile banking ape it super easy to use and loads really fast if you already have boa mobile banking before activating it is piece of cake great job on making such an awesome ape keep it up,5,2024-01-27,Bank of Abyssinia,Google Play
it is very nice ape,4,2024-01-24,Bank of Abyssinia,Google Play
it is really great to see you have solved some of the problems with the previous version thank you for taking time to improve,5,2024-01-24,Bank of Abyssinia,Google Play
it is not downloading it stops at why,1,2024-01-23,Bank of Abyssinia,Google Play
this is much better ape from boa easy to activate with at credit info that helps someone like myself who already forgot previous pin no or i password apes runs fast unlike the previous versions hope you don ruin it with unnecessary update please notify customers to use this ape through their sums,5,2024-01-18,Bank of Abyssinia,Google Play
the new version is really nice keep it up,4,2024-01-18,Bank of Abyssinia,Google Play
like said before the previous version was horrendous glad that you took time and decided to develop this awesome ape well done,5,2024-01-18,Bank of Abyssinia,Google Play
you we improved from the previous one also try to add dark mode,5,2024-01-17,Bank of Abyssinia,Google Play
the worst ape can even login to my device phone peel version android,1,2024-01-16,Bank of Abyssinia,Google Play
think this ape is fraudulent it is not real,1,2024-01-15,Bank of Abyssinia,Google Play
this new version of the ape is really great loved it,5,2024-01-15,Bank of Abyssinia,Google Play
nice one,5,2024-01-14,Bank of Abyssinia,Google Play
best applicationthank you abyssinia bank,5,2024-01-12,Bank of Abyssinia,Google Play
perfect ape,5,2024-01-12,Bank of Abyssinia,Google Play
absolutely it fantastic apes this new apes it fast and good apes,5,2024-01-11,Bank of Abyssinia,Google Play
the best ape next to tell birr in ethiopia,5,2024-01-10,Bank of Abyssinia,Google Play
